-- phpMyAdmin SQL Dump
-- version 3.3.9
-- http://www.phpmyadmin.net
--
-- Anamakine: localhost
-- Üretim Zamanı: 26 Mart 2013 saat 14:34:33
-- Sunucu sürümü: 5.5.8
-- PHP Sürümü: 5.3.5

SET SQL_MODE="NO_AUTO_VALUE_ON_ZERO";


/*!40101 SET @OLD_CHARACTER_SET_CLIENT=@@CHARACTER_SET_CLIENT */;
/*!40101 SET @OLD_CHARACTER_SET_RESULTS=@@CHARACTER_SET_RESULTS */;
/*!40101 SET @OLD_COLLATION_CONNECTION=@@COLLATION_CONNECTION */;
/*!40101 SET NAMES utf8 */;

--
-- Veritabanı: `bs`
--

-- --------------------------------------------------------

--
-- Tablo için tablo yapısı `acilankurslar`
--

CREATE TABLE IF NOT EXISTS `acilankurslar` (
  `acilanKurslarID` mediumint(6) unsigned zerofill NOT NULL AUTO_INCREMENT,
  `kursNo` smallint(3) unsigned zerofill NOT NULL,
  `merkezNo` smallint(3) unsigned zerofill NOT NULL DEFAULT '001',
  `personelNo` char(11) COLLATE utf8_turkish_ci DEFAULT '00000000000',
  `baslamaTarihi` date DEFAULT NULL,
  `bitisTarihi` date DEFAULT NULL,
  `gun` varchar(50) COLLATE utf8_turkish_ci DEFAULT NULL,
  `saat` varchar(10) COLLATE utf8_turkish_ci DEFAULT NULL,
  `kontenjan` smallint(3) DEFAULT NULL,
  `durum` char(1) COLLATE utf8_turkish_ci DEFAULT 'B' COMMENT 'B:Bilinmiyor A:Devam Ediyor T:Tamamlandı',
  `aciklama` varchar(100) COLLATE utf8_turkish_ci DEFAULT 'Girilmemiş',
  PRIMARY KEY (`acilanKurslarID`),
  UNIQUE KEY `acilanKurslarID` (`acilanKurslarID`),
  KEY `FK_acilankurslar` (`kursNo`),
  KEY `FK_acilankurslarmerkezler` (`merkezNo`),
  KEY `FK_acilankurslar_Personel` (`personelNo`),
  KEY `NewIndex1` (`kursNo`)
) ENGINE=InnoDB  DEFAULT CHARSET=utf8 COLLATE=utf8_turkish_ci AUTO_INCREMENT=53 ;

--
-- Tablo döküm verisi `acilankurslar`
--

INSERT INTO `acilankurslar` (`acilanKurslarID`, `kursNo`, `merkezNo`, `personelNo`, `baslamaTarihi`, `bitisTarihi`, `gun`, `saat`, `kontenjan`, `durum`, `aciklama`) VALUES
(000001, 001, 001, '00000000001', '2011-05-24', '2011-06-24', NULL, NULL, 10, 'T', 'dikiş'),
(000036, 034, 002, '00000000001', '2011-05-11', '2011-06-18', '0', '0', 12, 'A', 'Bilinmiyor'),
(000037, 035, 002, '00000000001', '2011-05-24', '2011-05-24', NULL, NULL, 12, 'A', 'Bilinmiyor'),
(000038, 033, 006, '00000000001', '2011-05-19', '2011-06-20', NULL, NULL, 13, 'A', 'aaa'),
(000039, 033, 004, '00000000001', '2011-07-11', '2011-07-12', '0', '0', 14, 'A', 'Bilinmiyor'),
(000041, 001, 003, '00000000001', '2011-08-18', '2011-10-30', 'Pazartesi,Salı,Çarşamba', '09:00', 45, 'T', 'Bilinmiyor'),
(000042, 034, 003, '00000000001', '2011-08-25', '2011-09-25', 'Cumartesi, Pazar', '18:00-20:0', 15, 'A', 'Bilinmiyor'),
(000044, 034, 003, '00000000001', '2011-08-02', '2011-09-22', '', '', 14, 'A', 'Bilinmiyor'),
(000045, 034, 006, '00000000001', '2011-08-02', '2011-09-22', '', '', 16, 'T', 'Bilinmiyor'),
(000046, 001, 004, '00000000001', '2011-08-02', '2011-09-21', '0', '0', 18, 'T', 'Bilinmiyor'),
(000047, 033, 001, '00000000001', '0000-00-00', '0000-00-00', '', '', 19, 'T', 'Bilinmiyor'),
(000048, 035, 006, '11111111111', '2011-09-08', '2011-10-08', NULL, NULL, 20, 'A', 'Bilinmiyor'),
(000050, 036, 004, '11111111111', '2011-09-12', '2011-10-12', NULL, NULL, 10, 'A', 'Bilinmiyor'),
(000051, 036, 006, '11111111111', '2011-09-30', '2011-10-20', '0', '0', 10, 'T', 'Bilinmiyor'),
(000052, 045, 004, '00000000001', '2011-09-30', '2011-11-30', NULL, NULL, 40, 'A', 'Bilinmiyorrr');

-- --------------------------------------------------------

--
-- Tablo için tablo yapısı `dersprogrami`
--

CREATE TABLE IF NOT EXISTS `dersprogrami` (
  `kayitNo` bigint(7) unsigned zerofill NOT NULL AUTO_INCREMENT,
  `acilanKursNo` mediumint(6) unsigned zerofill NOT NULL,
  `saatGun` char(3) COLLATE utf8_turkish_ci NOT NULL,
  PRIMARY KEY (`kayitNo`),
  UNIQUE KEY `acilanKursNo` (`acilanKursNo`,`saatGun`),
  KEY `FK_dersprogrami` (`acilanKursNo`)
) ENGINE=InnoDB  DEFAULT CHARSET=utf8 COLLATE=utf8_turkish_ci AUTO_INCREMENT=97 ;

--
-- Tablo döküm verisi `dersprogrami`
--

INSERT INTO `dersprogrami` (`kayitNo`, `acilanKursNo`, `saatGun`) VALUES
(0000057, 000037, '22'),
(0000058, 000037, '33'),
(0000081, 000041, '12'),
(0000082, 000041, '22'),
(0000083, 000041, '32'),
(0000084, 000041, '42'),
(0000085, 000041, '52'),
(0000076, 000046, '11'),
(0000077, 000046, '12'),
(0000078, 000046, '13'),
(0000079, 000046, '14'),
(0000080, 000046, '15'),
(0000067, 000050, '11'),
(0000068, 000050, '13'),
(0000069, 000050, '15'),
(0000070, 000050, '21'),
(0000071, 000050, '23'),
(0000072, 000050, '25'),
(0000073, 000050, '31'),
(0000074, 000050, '33'),
(0000075, 000050, '35'),
(0000086, 000051, '11'),
(0000087, 000051, '13'),
(0000088, 000051, '15'),
(0000089, 000051, '21'),
(0000090, 000051, '23'),
(0000091, 000051, '25'),
(0000092, 000052, '11'),
(0000093, 000052, '13'),
(0000094, 000052, '15'),
(0000095, 000052, '32'),
(0000096, 000052, '34');

-- --------------------------------------------------------

--
-- Tablo için tablo yapısı `duyurular`
--

CREATE TABLE IF NOT EXISTS `duyurular` (
  `duyuruNo` int(7) unsigned NOT NULL AUTO_INCREMENT,
  `personelNo` char(11) COLLATE utf8_turkish_ci NOT NULL,
  `konu` varchar(50) COLLATE utf8_turkish_ci NOT NULL,
  `eklemeTarihi` date NOT NULL,
  `sonTarihi` date NOT NULL,
  `icerik` varchar(10000) COLLATE utf8_turkish_ci DEFAULT NULL,
  PRIMARY KEY (`duyuruNo`),
  KEY `FK_duyurular` (`personelNo`)
) ENGINE=InnoDB  DEFAULT CHARSET=utf8 COLLATE=utf8_turkish_ci AUTO_INCREMENT=6 ;

--
-- Tablo döküm verisi `duyurular`
--

INSERT INTO `duyurular` (`duyuruNo`, `personelNo`, `konu`, `eklemeTarihi`, `sonTarihi`, `icerik`) VALUES
(2, '00000000001', 'El İşi Kursu kayıtları başlamıştır...', '2011-01-01', '2011-01-01', '2011-01-01'),
(3, '00000000001', 'Resim Kursu kayıtları başlamıştır...', '2011-02-02', '2011-02-02', '2011-2-2'),
(4, '00000000002', 'Bilgisayar İşletmenlik kursu açılıyor', '2011-02-02', '2011-02-02', 'word excel....'),
(5, '00000000002', 'duyuru1', '2011-06-27', '2011-06-30', ' dfgasdfg');

-- --------------------------------------------------------

--
-- Tablo için tablo yapısı `ilceler`
--

CREATE TABLE IF NOT EXISTS `ilceler` (
  `ilceKodu` smallint(3) unsigned zerofill NOT NULL AUTO_INCREMENT,
  `il` char(2) COLLATE utf8_turkish_ci NOT NULL,
  `ilceAdi` varchar(25) COLLATE utf8_turkish_ci NOT NULL,
  PRIMARY KEY (`ilceKodu`),
  KEY `FK_ilceler` (`il`)
) ENGINE=InnoDB  DEFAULT CHARSET=utf8 COLLATE=utf8_turkish_ci AUTO_INCREMENT=941 ;

--
-- Tablo döküm verisi `ilceler`
--

INSERT INTO `ilceler` (`ilceKodu`, `il`, `ilceAdi`) VALUES
(001, '01', 'Merkez'),
(002, '01', 'Aladag'),
(003, '01', 'Ceyhan'),
(004, '01', 'Feke'),
(005, '01', 'Imamoglu'),
(006, '01', 'Karaisali'),
(007, '01', 'Karatas'),
(008, '01', 'Kozan'),
(009, '01', 'Pozanti'),
(010, '01', 'Saimbeyli'),
(011, '01', 'Seyhan'),
(012, '01', 'Tufanbeyli'),
(013, '01', 'Yumurtalik'),
(014, '01', 'Yüregir'),
(015, '02', 'Merkez'),
(016, '02', 'Besni'),
(017, '02', 'Çelikhan'),
(018, '02', 'Gerger'),
(019, '02', 'Gölbasi'),
(020, '02', 'Kahta'),
(021, '02', 'Samsat'),
(022, '02', 'Sincik'),
(023, '02', 'Tut'),
(024, '03', 'Merkez'),
(025, '03', 'Basmakçi'),
(026, '03', 'Bayat'),
(027, '03', 'Bolvadin'),
(028, '03', 'Çobanlar'),
(029, '03', 'Çay'),
(030, '03', 'Dazkiri'),
(031, '03', 'Dinar'),
(032, '03', 'Emirdag'),
(033, '03', 'Evciler'),
(034, '03', 'Hocalar'),
(035, '03', 'Ihsaniye'),
(036, '03', 'Iscehisar'),
(037, '03', 'Kizilören'),
(038, '03', 'Sandikli'),
(039, '03', 'Sincanli'),
(040, '03', 'Sultandagi'),
(041, '03', 'Suhut'),
(042, '04', 'Merkez'),
(043, '04', 'Diyadin'),
(044, '04', 'Dogubeyazit'),
(045, '04', 'Eleskirt'),
(046, '04', 'Hamur'),
(047, '04', 'Patnos'),
(048, '04', 'Tasliçay'),
(049, '04', 'Tutak'),
(050, '05', 'Merkez'),
(051, '05', 'Göynücek'),
(052, '05', 'Gümüshacikö'),
(053, '05', 'Hamamözü'),
(054, '05', 'Merzifon'),
(055, '05', 'Suluova'),
(056, '05', 'Tasova'),
(057, '06', 'Merkez'),
(058, '06', 'Akyurt'),
(059, '06', 'Altindag'),
(060, '06', 'Ayas'),
(061, '06', 'Bala'),
(062, '06', 'Beypazari'),
(063, '06', 'Çamlidere'),
(064, '06', 'Çankaya'),
(065, '06', 'Çubuk'),
(066, '06', 'Elmadag'),
(067, '06', 'Etimesgut'),
(068, '06', 'Evren'),
(069, '06', 'Gölbasi'),
(070, '06', 'Güdül'),
(071, '06', 'Haymana'),
(072, '06', 'Kalecik'),
(073, '06', 'Kazan'),
(074, '06', 'Keçiören'),
(075, '06', 'Kizilcahama'),
(076, '06', 'Mamak'),
(077, '06', 'Nallihan'),
(078, '06', 'Polatli'),
(079, '06', 'Sincan'),
(080, '06', 'Sereflikoçh'),
(081, '06', 'Yenimahalle'),
(082, '07', 'Merkez'),
(083, '07', 'Akseki'),
(084, '07', 'Alanya'),
(085, '07', 'Demre'),
(086, '07', 'Elmali'),
(087, '07', 'Finike'),
(088, '07', 'Gazipasa'),
(089, '07', 'Gündogmus'),
(090, '07', 'Ibradi'),
(091, '07', 'Kale'),
(092, '07', 'Kas'),
(093, '07', 'Kemer'),
(094, '07', 'Korkuteli'),
(095, '07', 'Kumluca'),
(096, '07', 'Manavgat'),
(097, '07', 'Serik'),
(098, '08', 'Merkez'),
(099, '08', 'Ardanuç'),
(100, '08', 'Arhavi'),
(101, '08', 'Borçka'),
(102, '08', 'Hopa'),
(103, '08', 'Murgul'),
(104, '08', 'Savsat'),
(105, '08', 'Yusufeli'),
(106, '09', 'Merkez'),
(107, '09', 'Bozdogan'),
(108, '09', 'Buharkent'),
(109, '09', 'Çine'),
(110, '09', 'Germencik'),
(111, '09', 'Incirliova'),
(112, '09', 'Karacasu'),
(113, '09', 'Karpuzlu'),
(114, '09', 'Koçarli'),
(115, '09', 'Kösk'),
(116, '09', 'Kusadasi'),
(117, '09', 'Kuyucak'),
(118, '09', 'Nazilli'),
(119, '09', 'Söke'),
(120, '09', 'Sultanhisar'),
(121, '09', 'Yenihisar'),
(122, '09', 'Yenipazar'),
(123, '10', 'Merkez'),
(124, '10', 'Ayvalik'),
(125, '10', 'Akçay'),
(126, '10', 'Balya'),
(127, '10', 'Bandirma'),
(128, '10', 'Bigadiç'),
(129, '10', 'Burhaniye'),
(130, '10', 'Dursunbey'),
(131, '10', 'Edremit'),
(132, '10', 'Erdek'),
(133, '10', 'Gönen'),
(134, '10', 'Gömeç'),
(135, '10', 'Havran'),
(136, '10', 'Ivrindi'),
(137, '10', 'Kepsut'),
(138, '10', 'Manyas'),
(139, '10', 'Marmara'),
(140, '10', 'Savastepe'),
(141, '10', 'Sindirgi'),
(142, '10', 'Susurluk'),
(143, '11', 'Merkez'),
(144, '11', 'Bozöyük'),
(145, '11', 'Gölpazari'),
(146, '11', 'Inhisar'),
(147, '11', 'Osmaneli'),
(148, '11', 'Pazaryeri'),
(149, '11', 'Sögüt'),
(150, '11', 'Yenipazar'),
(151, '12', 'Merkez'),
(152, '12', 'Adakli'),
(153, '12', 'Genç'),
(154, '12', 'Karliova'),
(155, '12', 'Kigi'),
(156, '12', 'Solhan'),
(157, '12', 'Yayladere'),
(158, '12', 'Yedisu'),
(159, '13', 'Merkez'),
(160, '13', 'Adilcevaz'),
(161, '13', 'Ahlat'),
(162, '13', 'Güroymak'),
(163, '13', 'Hizan'),
(164, '13', 'Mutki'),
(165, '13', 'Tatvan'),
(166, '14', 'Merkez'),
(167, '14', 'Dörtdivan'),
(168, '14', 'Gerede'),
(169, '14', 'Göynük'),
(170, '14', 'Kibriscik'),
(171, '14', 'Mengen'),
(172, '14', 'Mudurnu'),
(173, '14', 'Seben'),
(174, '14', 'Yeniçaga'),
(175, '15', 'Merkez'),
(176, '15', 'Altinyayla'),
(177, '15', 'Aglasun'),
(178, '15', 'Bucak'),
(179, '15', 'Çavdir'),
(180, '15', 'Çeltikçi'),
(181, '15', 'Gölhisar'),
(182, '15', 'Karamanli'),
(183, '15', 'Kemer'),
(184, '15', 'Tefenni'),
(185, '15', 'Yesilova'),
(186, '16', 'Merkez'),
(187, '16', 'Büyükorhan'),
(188, '16', 'Gemlik'),
(189, '16', 'Gürsu'),
(190, '16', 'Harmancik'),
(191, '16', 'Inegöl'),
(192, '16', 'Iznik'),
(193, '16', 'Karacabey'),
(194, '16', 'Keles'),
(195, '16', 'Kestel'),
(196, '16', 'Mudanya'),
(197, '16', 'Mustafakema'),
(198, '16', 'Nilüfer'),
(199, '16', 'Orhaneli'),
(200, '16', 'Orhangazi'),
(201, '16', 'Osmangazi'),
(202, '16', 'Yenisehir'),
(203, '16', 'Yildirim'),
(204, '17', 'Merkez'),
(205, '17', 'Ayvacik'),
(206, '17', 'Bayramiç'),
(207, '17', 'Bozcaada'),
(208, '17', 'Biga'),
(209, '17', 'Çan'),
(210, '17', 'Eceabat'),
(211, '17', 'Ezine'),
(212, '17', 'Gelibolu'),
(213, '17', 'Gökçeada'),
(214, '17', 'Lapseki'),
(215, '17', 'Yenice'),
(216, '18', 'Merkez'),
(217, '18', 'Atkaracalar'),
(218, '18', 'Bayramören'),
(219, '18', 'Çerkes'),
(220, '18', 'Eldivan'),
(221, '18', 'Ilgaz'),
(222, '18', 'Kizilirmak'),
(223, '18', 'Korgun'),
(224, '18', 'Kursunlu'),
(225, '18', 'Orta'),
(226, '18', 'Ovacik'),
(227, '18', 'Sabanözü'),
(228, '18', 'Yaprakli'),
(229, '19', 'Merkez'),
(230, '19', 'Alaca'),
(231, '19', 'Bayat'),
(232, '19', 'Bogazkale'),
(233, '19', 'Dodurga'),
(234, '19', 'Iskilip'),
(235, '19', 'Kargi'),
(236, '19', 'Laçin'),
(237, '19', 'Mecitözü'),
(238, '19', 'Oguzlar'),
(239, '19', 'Ortaköy'),
(240, '19', 'Osmancik'),
(241, '19', 'Sungurlu'),
(242, '19', 'Ugurludag'),
(243, '20', 'Merkez'),
(244, '20', 'Acipayam'),
(245, '20', 'Akköy'),
(246, '20', 'Babadag'),
(247, '20', 'Baklan'),
(248, '20', 'Bekilli'),
(249, '20', 'Beyagaç'),
(250, '20', 'Buldan'),
(251, '20', 'Bozkurt'),
(252, '20', 'Çal'),
(253, '20', 'Çameli'),
(254, '20', 'Çardak'),
(255, '20', 'Çivril'),
(256, '20', 'Güney'),
(257, '20', 'Honaz'),
(258, '20', 'Kale'),
(259, '20', 'Sarayköy'),
(260, '20', 'Serinhisar'),
(261, '20', 'Tavas'),
(262, '21', 'Merkez'),
(263, '21', 'Bismil'),
(264, '21', 'Çermik'),
(265, '21', 'Çinar'),
(266, '21', 'Çüngüs'),
(267, '21', 'Dicle'),
(268, '21', 'Egil'),
(269, '21', 'Ergani'),
(270, '21', 'Hani'),
(271, '21', 'Hazro'),
(272, '21', 'Kocaköy'),
(273, '21', 'Kulp'),
(274, '21', 'Lice'),
(275, '21', 'Silvan'),
(276, '22', 'Merkez'),
(277, '22', 'Enez'),
(278, '22', 'Havsa'),
(279, '22', 'Ipsala'),
(280, '22', 'Kesan'),
(281, '22', 'Lalapasa'),
(282, '22', 'Meriç'),
(283, '22', 'Süloglu'),
(284, '22', 'Uzunköprü'),
(285, '23', 'Merkez'),
(286, '23', 'Agin'),
(287, '23', 'Alacakaya'),
(288, '23', 'Aricak'),
(289, '23', 'Baskil'),
(290, '23', 'Karakoçan'),
(291, '23', 'Keban'),
(292, '23', 'Kovancilar'),
(293, '23', 'Maden'),
(294, '23', 'Palu'),
(295, '23', 'Sivrice'),
(296, '24', 'Merkez'),
(297, '24', 'Çayirli'),
(298, '24', 'Iliç'),
(299, '24', 'Kemah'),
(300, '24', 'Kemaliye'),
(301, '24', 'Otlukbeli'),
(302, '24', 'Refahiye'),
(303, '24', 'Tercan'),
(304, '24', 'Üzümlü'),
(305, '25', 'Merkez'),
(306, '25', 'Askale'),
(307, '25', 'Çat'),
(308, '25', 'Hinis'),
(309, '25', 'Horasan'),
(310, '25', 'Ilica'),
(311, '25', 'Ispir'),
(312, '25', 'Karaçoban'),
(313, '25', 'Karayazi'),
(314, '25', 'Köprüköy'),
(315, '25', 'Narman'),
(316, '25', 'Oltu'),
(317, '25', 'Olur'),
(318, '25', 'Pasinler'),
(319, '25', 'Pazaryolu'),
(320, '25', 'Senkaya'),
(321, '25', 'Tekman'),
(322, '25', 'Tortum'),
(323, '25', 'Uzundere'),
(324, '26', 'Merkez'),
(325, '26', 'Alpu'),
(326, '26', 'Beylikova'),
(327, '26', 'Çifteler'),
(328, '26', 'Günyüzü'),
(329, '26', 'Han'),
(330, '26', 'Inönü'),
(331, '26', 'Mahmudiye'),
(332, '26', 'Mihalgazi'),
(333, '26', 'Mihaliççik'),
(334, '26', 'Saricakaya'),
(335, '26', 'Seyitgazi'),
(336, '26', 'Sivrihisar'),
(337, '27', 'Merkez'),
(338, '27', 'Araban'),
(339, '27', 'Islahiye'),
(340, '27', 'Kilis'),
(341, '27', 'Kargamis'),
(342, '27', 'Nizip'),
(343, '27', 'Nurdagi'),
(344, '27', 'Oguzeli'),
(345, '27', 'Sahinbey'),
(346, '27', 'Sehitkamil'),
(347, '27', 'Yavuzeli'),
(348, '28', 'Merkez'),
(349, '28', 'Alucra'),
(350, '28', 'Bulancak'),
(351, '28', 'Çamoluk'),
(352, '28', 'Çanakçi'),
(353, '28', 'Dereli'),
(354, '28', 'Dogankent'),
(355, '28', 'Espiye'),
(356, '28', 'Eynesil'),
(357, '28', 'Görele'),
(358, '28', 'Güce'),
(359, '28', 'Kesap'),
(360, '28', 'Piraziz'),
(361, '28', 'Sebinkarahisar'),
(362, '28', 'Tirebolu'),
(363, '28', 'Yaglidere'),
(364, '29', 'Merkez'),
(365, '29', 'Kelkit'),
(366, '29', 'Köse'),
(367, '29', 'Kürtün'),
(368, '29', 'Siran'),
(369, '29', 'Torul'),
(370, '30', 'Merkez'),
(371, '30', 'Çukurca'),
(372, '30', 'Semdinli'),
(373, '30', 'Yüksekova'),
(374, '31', 'Merkez'),
(375, '31', 'Altinözü'),
(376, '31', 'Belen'),
(377, '31', 'Dörtyol'),
(378, '31', 'Erzin'),
(379, '31', 'Hassa'),
(380, '31', 'Iskenderun'),
(381, '31', 'Kirikhan'),
(382, '31', 'Kumlu'),
(383, '31', 'Reyhanli'),
(384, '31', 'Samandagi'),
(385, '31', 'Yayladagi'),
(386, '32', 'Merkez'),
(387, '32', 'Aksu'),
(388, '32', 'Atabey'),
(389, '32', 'Egirdir'),
(390, '32', 'Gelendost'),
(391, '32', 'Gönen'),
(392, '32', 'Keçiborlu'),
(393, '32', 'Senirkent'),
(394, '32', 'Sütçüler'),
(395, '32', 'Sarkikaraag'),
(396, '32', 'Uluborlu'),
(397, '32', 'Yenisarbade'),
(398, '32', 'Yalvaç'),
(399, '33', 'Merkez'),
(400, '33', 'Anamur'),
(401, '33', 'Aydincik'),
(402, '33', 'Bozyazi'),
(403, '33', 'Çamliyayla'),
(404, '33', 'Erdemli'),
(405, '33', 'Gülnar'),
(406, '33', 'Mut'),
(407, '33', 'Silifke'),
(408, '33', 'Tarsus'),
(409, '34', 'Merkez'),
(410, '34', 'Adalar'),
(411, '34', 'Avcilar'),
(412, '34', 'Bagcilar'),
(413, '34', 'Bakirköy'),
(414, '34', 'Bahçelievle'),
(415, '34', 'Bayrampasa'),
(416, '34', 'Besiktas'),
(417, '34', 'Beykoz'),
(418, '34', 'Beyoglu'),
(419, '34', 'Büyükçekmece'),
(420, '34', 'Çatalca'),
(421, '34', 'Eminönü'),
(422, '34', 'Eyüp'),
(423, '34', 'Esenler'),
(424, '34', 'Fatih'),
(425, '34', 'Gaziosmanpasa'),
(426, '34', 'Güngören'),
(427, '34', 'Kadiköy'),
(428, '34', 'Kagithane'),
(429, '34', 'Kartal'),
(430, '34', 'Küçükçekmece'),
(431, '34', 'Maltepe'),
(432, '34', 'Pendik'),
(433, '34', 'Sariyer'),
(434, '34', 'Silivri'),
(435, '34', 'Sultanbeyli'),
(436, '34', 'Sile'),
(437, '34', 'Sisli'),
(438, '34', 'Tuzla'),
(439, '34', 'Ümraniye'),
(440, '34', 'Üsküdar'),
(441, '34', 'Yalova'),
(442, '34', 'Zeytinburnu'),
(443, '35', 'Merkez'),
(444, '35', 'Aliaga'),
(445, '35', 'Bayindir'),
(446, '35', 'Balçova'),
(447, '35', 'Bergama'),
(448, '35', 'Beydag'),
(449, '35', 'Bornova'),
(450, '35', 'Buca'),
(451, '35', 'Çesme'),
(452, '35', 'Çigli'),
(453, '35', 'Dikili'),
(454, '35', 'Foça'),
(455, '35', 'Gaziemir'),
(456, '35', 'Güzelbahçe'),
(457, '35', 'Karaburun'),
(458, '35', 'Karsiyaka'),
(459, '35', 'Kemalpasa'),
(460, '35', 'Kinik'),
(461, '35', 'Kiraz'),
(462, '35', 'Konak'),
(463, '35', 'Menderes'),
(464, '35', 'Menemen'),
(465, '35', 'Narlidere'),
(466, '35', 'Ödemis'),
(467, '35', 'Seferihisar'),
(468, '35', 'Selçuk'),
(469, '35', 'Tire'),
(470, '35', 'Torbali'),
(471, '35', 'Urla'),
(472, '36', 'Merkez'),
(473, '36', 'Akyaka'),
(474, '36', 'Arpaçay'),
(475, '36', 'Digor'),
(476, '36', 'Kagizman'),
(477, '36', 'Sarikamis'),
(478, '36', 'Selim'),
(479, '36', 'Susuz'),
(480, '37', 'Merkez'),
(481, '37', 'Abana'),
(482, '37', 'Agli'),
(483, '37', 'Araç'),
(484, '37', 'Azdavay'),
(485, '37', 'Bozkurt'),
(486, '37', 'Cide'),
(487, '37', 'Çatalzeytin'),
(488, '37', 'Daday'),
(489, '37', 'Devrekani'),
(490, '37', 'Doganyurt'),
(491, '37', 'Hanönü'),
(492, '37', 'Ihsangazi'),
(493, '37', 'Inebolu'),
(494, '37', 'Küre'),
(495, '37', 'Pinarbasi'),
(496, '37', 'Seydiler'),
(497, '37', 'Senpazar'),
(498, '37', 'Tasköprü'),
(499, '37', 'Tosya'),
(500, '38', 'Merkez'),
(501, '38', 'Akkisla'),
(502, '38', 'Bünyan'),
(503, '38', 'Develi'),
(504, '38', 'Felahiye'),
(505, '38', 'Hacilar'),
(506, '38', 'Incesu'),
(507, '38', 'Kocasinan'),
(508, '38', 'Melikgazi'),
(509, '38', 'Özvatan'),
(510, '38', 'Pinarbasi'),
(511, '38', 'Sarioglan'),
(512, '38', 'Sariz'),
(513, '38', 'Talas'),
(514, '38', 'Tomarza'),
(515, '38', 'Yahyali'),
(516, '38', 'Yesilhisar'),
(517, '39', 'Merkez'),
(518, '39', 'Babaeski'),
(519, '39', 'Demirköy'),
(520, '39', 'Kofçaz'),
(521, '39', 'Lüleburgaz'),
(522, '39', 'Pehlivanköy'),
(523, '39', 'Pinarhisar'),
(524, '39', 'Vize'),
(525, '40', 'Merkez'),
(526, '40', 'Akçakent'),
(527, '40', 'Akpinar'),
(528, '40', 'Boztepe'),
(529, '40', 'Çiçekdagi'),
(530, '40', 'Kaman'),
(531, '40', 'Mucur'),
(532, '41', 'Merkez'),
(533, '41', 'Darica'),
(534, '41', 'Gebze'),
(535, '41', 'Gölcük'),
(536, '41', 'Kandira'),
(537, '41', 'Karamürsel'),
(538, '41', 'Körfez'),
(539, '42', 'Merkez'),
(540, '42', 'Ahirli'),
(541, '42', 'Akören'),
(542, '42', 'Aksehir'),
(543, '42', 'Altinekin'),
(544, '42', 'Beysehir'),
(545, '42', 'Bozkir'),
(546, '42', 'Derebucak'),
(547, '42', 'Cihanbeyli'),
(548, '42', 'Çumra'),
(549, '42', 'Çeltik'),
(550, '42', 'Derbent'),
(551, '42', 'Doganhisar'),
(552, '42', 'Emirgazi'),
(553, '42', 'Eregli'),
(554, '42', 'Güneysinir'),
(555, '42', 'Halkapinar'),
(556, '42', 'Hadim'),
(557, '42', 'Hüyük'),
(558, '42', 'Ilgin'),
(559, '42', 'Kadinhani'),
(560, '42', 'Karapinar'),
(561, '42', 'Karatay'),
(562, '42', 'Kulu'),
(563, '42', 'Meram'),
(564, '42', 'Sarayönü'),
(565, '42', 'Selçuklu'),
(566, '42', 'Seydisehir'),
(567, '42', 'Taskent'),
(568, '42', 'Tuzlukçu'),
(569, '42', 'Yalihöyük'),
(570, '42', 'Yunak'),
(571, '43', 'Merkez'),
(572, '43', 'Altintas'),
(573, '43', 'Aslanapa'),
(574, '43', 'Cavdarhisar'),
(575, '43', 'Domaniç'),
(576, '43', 'Dumlupinar'),
(577, '43', 'Emet'),
(578, '43', 'Gediz'),
(579, '43', 'Hisarcik'),
(580, '43', 'Pazarlar'),
(581, '43', 'Simav'),
(582, '43', 'Saphane'),
(583, '43', 'Tavsanli'),
(584, '44', 'Merkez'),
(585, '44', 'Akçadag'),
(586, '44', 'Arapgir'),
(587, '44', 'Arguvan'),
(588, '44', 'Battalgazi'),
(589, '44', 'Darende'),
(590, '44', 'Dogansehir'),
(591, '44', 'Doganyol'),
(592, '44', 'Hekimhan'),
(593, '44', 'Kale'),
(594, '44', 'Kuluncak'),
(595, '44', 'Pötürge'),
(596, '44', 'Yazihan'),
(597, '44', 'Yesilyurt'),
(598, '45', 'Merkez'),
(599, '45', 'Ahmetli'),
(600, '45', 'Akhisar'),
(601, '45', 'Alasehir'),
(602, '45', 'Demirci'),
(603, '45', 'Gölmarmara'),
(604, '45', 'Gördes'),
(605, '45', 'Kirkagaç'),
(606, '45', 'Köprübasi'),
(607, '45', 'Kula'),
(608, '45', 'Salihli'),
(609, '45', 'Sarigöl'),
(610, '45', 'Saruhanli'),
(611, '45', 'Selendi'),
(612, '45', 'Soma'),
(613, '45', 'Turgutlu'),
(614, '46', 'Merkez'),
(615, '46', 'Afsin'),
(616, '46', 'Andirin'),
(617, '46', 'Çaglayancer'),
(618, '46', 'Ekinözü'),
(619, '46', 'Elbistan'),
(620, '46', 'Göksun'),
(621, '46', 'Nurhak'),
(622, '46', 'Pazarcik'),
(623, '46', 'Türkoglu'),
(624, '47', 'Merkez'),
(625, '47', 'Dargeçit'),
(626, '47', 'Derik'),
(627, '47', 'Kiziltepe'),
(628, '47', 'Mazidagi'),
(629, '47', 'Midyat'),
(630, '47', 'Nusaybin'),
(631, '47', 'Ömerli'),
(632, '47', 'Savur'),
(633, '47', 'Yesilli'),
(634, '48', 'Merkez'),
(635, '48', 'Bodrum'),
(636, '48', 'Dalaman'),
(637, '48', 'Datça'),
(638, '48', 'Fethiye'),
(639, '48', 'Kavaklidere'),
(640, '48', 'Köycegiz'),
(641, '48', 'Marmaris'),
(642, '48', 'Milas'),
(643, '48', 'Ortaca'),
(644, '48', 'Ula'),
(645, '48', 'Yatagan'),
(646, '49', 'Merkez'),
(647, '49', 'Bulanik'),
(648, '49', 'Hasköy'),
(649, '49', 'Korkut'),
(650, '49', 'Malazgirt'),
(651, '49', 'Varto'),
(652, '50', 'Merkez'),
(653, '50', 'Acigöl'),
(654, '50', 'Avanos'),
(655, '50', 'Derinkuyu'),
(656, '50', 'Gülsehir'),
(657, '50', 'Hacibektas'),
(658, '50', 'Kozakli'),
(659, '50', 'Ürgüp'),
(660, '51', 'Merkez'),
(661, '51', 'Altunhisar'),
(662, '51', 'Bor'),
(663, '51', 'Çamardi'),
(664, '51', 'Çiftlik'),
(665, '51', 'Ulukisla'),
(666, '52', 'Merkez'),
(667, '52', 'Akkus'),
(668, '52', 'Aybasti'),
(669, '52', 'Çamas'),
(670, '52', 'Çatalpinar'),
(671, '52', 'Çaybasi'),
(672, '52', 'Fatsa'),
(673, '52', 'Gölköy'),
(674, '52', 'Gölyali'),
(675, '52', 'Gürgentepe'),
(676, '52', 'Ikizce'),
(677, '52', 'Korgan'),
(678, '52', 'Kabadüz'),
(679, '52', 'Kabatas'),
(680, '52', 'Kumru'),
(681, '52', 'Mesudiye'),
(682, '52', 'Persembe'),
(683, '52', 'Ulubey'),
(684, '52', 'Ünye'),
(685, '53', 'Merkez'),
(686, '53', 'Ardesen'),
(687, '53', 'Çamlihemsin'),
(688, '53', 'Çayeli'),
(689, '53', 'Derepazari'),
(690, '53', 'Findikli'),
(691, '53', 'Güneysu'),
(692, '53', 'Hemsin'),
(693, '53', 'Ikizdere'),
(694, '53', 'Iyidere'),
(695, '53', 'Kalkandere'),
(696, '53', 'Pazar'),
(697, '54', 'Merkez'),
(698, '54', 'Akyazi'),
(699, '54', 'Ferizli'),
(700, '54', 'Geyve'),
(701, '54', 'Hendek'),
(702, '54', 'Karapürçek'),
(703, '54', 'Karasu'),
(704, '54', 'Kaynarca'),
(705, '54', 'Kocaali'),
(706, '54', 'Pamukova'),
(707, '54', 'Sapanca'),
(708, '54', 'Sögütlü'),
(709, '54', 'Tarakli'),
(710, '55', 'Merkez'),
(711, '55', 'Alaçam'),
(712, '55', 'Asarcik'),
(713, '55', 'Ayvacik'),
(714, '55', 'Bafra'),
(715, '55', 'Çarsamba'),
(716, '55', 'Havza'),
(717, '55', 'Kavak'),
(718, '55', 'Ladik'),
(719, '55', '19mayis'),
(720, '55', 'Salipazari'),
(721, '55', 'Tekkeköy'),
(722, '55', 'Terme'),
(723, '55', 'Vezirköprü'),
(724, '55', 'Yakakent'),
(725, '56', 'Merkez'),
(726, '56', 'Aydinlar'),
(727, '56', 'Baykan'),
(728, '56', 'Eruh'),
(729, '56', 'Kozluk'),
(730, '56', 'Kurtalan'),
(731, '56', 'Pervari'),
(732, '56', 'Sirvan'),
(733, '57', 'Merkez'),
(734, '57', 'Ayancik'),
(735, '57', 'Boyabat'),
(736, '57', 'Dikmen'),
(737, '57', 'Duragan'),
(738, '57', 'Erfelek'),
(739, '57', 'Gerze'),
(740, '57', 'Saraydüzü'),
(741, '57', 'Türkeli'),
(742, '58', 'Merkez'),
(743, '58', 'Akincilar'),
(744, '58', 'Altinyayla'),
(745, '58', 'Divrigi'),
(746, '58', 'Dogansar'),
(747, '58', 'Gemerek'),
(748, '58', 'Gölova'),
(749, '58', 'Gürün'),
(750, '58', 'Hafik'),
(751, '58', 'Imranli'),
(752, '58', 'Kangal'),
(753, '58', 'Koyulhisar'),
(754, '58', 'Susehri'),
(755, '58', 'Sarkisla'),
(756, '58', 'Ulas'),
(757, '58', 'Yildizeli'),
(758, '58', 'Zara'),
(759, '59', 'Merkez'),
(760, '59', 'Çerkezköy'),
(761, '59', 'Çorlu'),
(762, '59', 'Hayrabolu'),
(763, '59', 'Malkara'),
(764, '59', 'Marmaraeregli'),
(765, '59', 'Muratli'),
(766, '59', 'Saray'),
(767, '59', 'Sarköy'),
(768, '60', 'Merkez'),
(769, '60', 'Almus'),
(770, '60', 'Artova'),
(771, '60', 'Basçiftlik'),
(772, '60', 'Erbaa'),
(773, '60', 'Niksar'),
(774, '60', 'Pazar'),
(775, '60', 'Resadiye'),
(776, '60', 'Sulusaray'),
(777, '60', 'Turhal'),
(778, '60', 'Yesilyurt'),
(779, '60', 'Zile'),
(780, '61', 'Merkez'),
(781, '61', 'Akçaabat'),
(782, '61', 'Arakli'),
(783, '61', 'Arsin'),
(784, '61', 'Besikdüzü'),
(785, '61', 'Çarsibasi'),
(786, '61', 'Çaykara'),
(787, '61', 'Dernekpazar'),
(788, '61', 'Düzköy'),
(789, '61', 'Hayrat'),
(790, '61', 'Köprübasi'),
(791, '61', 'Maçka'),
(792, '61', 'Of'),
(793, '61', 'Sürmene'),
(794, '61', 'Salpazari'),
(795, '61', 'Tonya'),
(796, '61', 'Vakfikebir'),
(797, '61', 'Yomra'),
(798, '62', 'Merkez'),
(799, '62', 'Çemisgezek'),
(800, '62', 'Hozat'),
(801, '62', 'Mazgirt'),
(802, '62', 'Nazimiye'),
(803, '62', 'Ovacik'),
(804, '62', 'Pertek'),
(805, '62', 'Pülümür'),
(806, '63', 'Merkez'),
(807, '63', 'Akçakale'),
(808, '63', 'Birecik'),
(809, '63', 'Bozova'),
(810, '63', 'Ceylanpinar'),
(811, '63', 'Halfeti'),
(812, '63', 'Harran'),
(813, '63', 'Hilvan'),
(814, '63', 'Siverek'),
(815, '63', 'Suruç'),
(816, '63', 'Viransehir'),
(817, '64', 'Merkez'),
(818, '64', 'Banaz'),
(819, '64', 'Esme'),
(820, '64', 'Karahalli'),
(821, '64', 'Sivasli'),
(822, '64', 'Ulubey'),
(823, '65', 'Merkez'),
(824, '65', 'Bahçesaray'),
(825, '65', 'Baskale'),
(826, '65', 'Çaldiran'),
(827, '65', 'Çatak'),
(828, '65', 'Edremit'),
(829, '65', 'Ercis'),
(830, '65', 'Gevas'),
(831, '65', 'Gürpinar'),
(832, '65', 'Muradiye'),
(833, '65', 'Özalp'),
(834, '65', 'Saray'),
(835, '66', 'Merkez'),
(836, '66', 'Akdagmadeni'),
(837, '66', 'Aydincik'),
(838, '66', 'Bogazliyan'),
(839, '66', 'Çandir'),
(840, '66', 'Çayiralan'),
(841, '66', 'Çekerek'),
(842, '66', 'Kadisehri'),
(843, '66', 'Sarikaya'),
(844, '66', 'Saraykent'),
(845, '66', 'Sorgun'),
(846, '66', 'Sefaatli'),
(847, '66', 'Yenifakili'),
(848, '66', 'Yerköy'),
(849, '67', 'Merkez'),
(850, '67', 'Alapli'),
(851, '67', 'Çamoluk'),
(852, '67', 'Çaycuma'),
(853, '67', 'Devrek'),
(854, '67', 'Eflani'),
(855, '67', 'Eregli'),
(856, '67', 'Gökçebey'),
(857, '68', 'Merkez'),
(858, '68', 'Agaçören'),
(859, '68', 'Eskil'),
(860, '68', 'Gülagaç'),
(861, '68', 'Güzelyurt'),
(862, '68', 'Ortaköy'),
(863, '68', 'Sariyahsi'),
(864, '69', 'Merkez'),
(865, '69', 'Aydintepe'),
(866, '69', 'Demirözü'),
(867, '70', 'Merkez'),
(868, '70', 'Ayranci'),
(869, '70', 'Basyayla'),
(870, '70', 'Ermenek'),
(871, '70', 'Kazimkarabekir'),
(872, '70', 'Sariveliler'),
(873, '71', 'Merkez'),
(874, '71', 'Bahsili'),
(875, '71', 'Bagliseyh'),
(876, '71', 'Çelebi'),
(877, '71', 'Delice'),
(878, '71', 'Karakeçili'),
(879, '71', 'Keskin'),
(880, '71', 'Sulakyurt'),
(881, '71', 'Yahsihan'),
(882, '72', 'Merkez'),
(883, '72', 'Gercüs'),
(884, '72', 'Hasankeyf'),
(885, '72', 'Besiri'),
(886, '72', 'Kozluk'),
(887, '72', 'Sason'),
(888, '73', 'Merkez'),
(889, '73', 'Beytüsseba'),
(890, '73', 'Uludere'),
(891, '73', 'Cizre'),
(892, '73', 'Idil'),
(893, '73', 'Silopi'),
(894, '73', 'Güçlükonak'),
(895, '74', 'Merkez'),
(896, '74', 'Amasra'),
(897, '74', 'Kurucasile'),
(898, '74', 'Ulus'),
(899, '75', 'Merkez'),
(900, '75', 'Çildir'),
(901, '75', 'Damal'),
(902, '75', 'Göle'),
(903, '75', 'Hanak'),
(904, '75', 'Posof'),
(905, '76', 'Merkez'),
(906, '76', 'Aralik'),
(907, '76', 'Karakoyunlu'),
(908, '76', 'Tuzluca'),
(909, '77', 'Merkez'),
(910, '77', 'Altinova'),
(911, '77', 'Armutlu'),
(912, '77', 'Cinarcik'),
(913, '77', 'Ciftlikkoy'),
(914, '77', 'Termal'),
(915, '78', 'Merkez'),
(916, '78', 'Eflani'),
(917, '78', 'Eskipazar'),
(918, '78', 'Ovacik'),
(919, '78', 'Safranbolu'),
(920, '78', 'Yenice'),
(921, '79', 'Merkez'),
(922, '79', 'Elbeyli'),
(923, '79', 'Musabeyli'),
(924, '79', 'Polateli'),
(925, '80', 'Merkez'),
(926, '80', 'Bahçe'),
(927, '80', 'Hasanbeyli'),
(928, '80', 'Düziçi'),
(929, '80', 'Kadirli'),
(930, '80', 'Sunbas'),
(931, '80', 'Toprakkale'),
(932, '81', 'Merkez'),
(933, '81', 'Akçakoca'),
(934, '81', 'Cumayeri'),
(935, '81', 'Çilimli'),
(936, '81', 'Gölyaka'),
(937, '81', 'Gümüsova'),
(938, '81', 'Kaynasli'),
(939, '81', 'Yigilca'),
(940, '00', 'Bilinmiyor');

-- --------------------------------------------------------

--
-- Tablo için tablo yapısı `iller`
--

CREATE TABLE IF NOT EXISTS `iller` (
  `ilKodu` char(2) COLLATE utf8_turkish_ci NOT NULL,
  `ilAdi` varchar(20) COLLATE utf8_turkish_ci NOT NULL,
  PRIMARY KEY (`ilKodu`)
) ENGINE=InnoDB DEFAULT CHARSET=utf8 COLLATE=utf8_turkish_ci;

--
-- Tablo döküm verisi `iller`
--

INSERT INTO `iller` (`ilKodu`, `ilAdi`) VALUES
('00', 'Bilinmiyor'),
('01', 'ADANA'),
('02', 'Adiyaman'),
('03', 'Afyon'),
('04', 'Ağri'),
('05', 'Amasya'),
('06', 'Ankara'),
('07', 'Antalya'),
('08', 'Artvin'),
('09', 'Aydin'),
('10', 'Balikesir'),
('11', 'Bilecik'),
('12', 'Bingöl'),
('13', 'Bitlis'),
('14', 'Bolu'),
('15', 'Burdur'),
('16', 'Bursa'),
('17', 'Çanakkale'),
('18', 'Çankiri'),
('19', 'Çorum'),
('20', 'Denizlİ'),
('21', 'Diyarbakir'),
('22', 'Edirne'),
('23', 'Elaziğ'),
('24', 'Erzincan'),
('25', 'Erzurum'),
('26', 'Eskişehir'),
('27', 'Gaziantep'),
('28', 'Giresun'),
('29', 'Gümüşhane'),
('30', 'Hakkari'),
('31', 'Hatay'),
('32', 'Isparta'),
('33', 'İçel'),
('34', 'İstanbul'),
('35', 'İzmir'),
('36', 'Kars'),
('37', 'Kastamonu'),
('38', 'Kayserİ'),
('39', 'Kirklareli'),
('40', 'Kirşehir'),
('41', 'Kocaeli'),
('42', 'Konya'),
('43', 'Kütahya'),
('44', 'Malatya'),
('45', 'Manisa'),
('46', 'Kahramanmaraş'),
('47', 'Mardin'),
('48', 'Muğla'),
('49', 'Muş'),
('50', 'Nevşehir'),
('51', 'Niğde'),
('52', 'Ordu'),
('53', 'Rize'),
('54', 'Sakarya'),
('55', 'Samsun'),
('56', 'Siirt'),
('57', 'Sinop'),
('58', 'Sivas'),
('59', 'Tekirdağ'),
('60', 'Tokat'),
('61', 'Trabzon'),
('62', 'Tuncelİ'),
('63', 'Şanliurfa'),
('64', 'Uşak'),
('65', 'Van'),
('66', 'Yozgat'),
('67', 'Zonguldak'),
('68', 'Aksaray'),
('69', 'Bayburt'),
('70', 'Karaman'),
('71', 'Kirikkale'),
('72', 'Batman'),
('73', 'Şirnak'),
('74', 'Bartin'),
('75', 'Ardahan'),
('76', 'Iğdir'),
('77', 'Yalova'),
('78', 'Karabük'),
('79', 'Kilis'),
('80', 'Osmaniye'),
('81', 'Düzce');

-- --------------------------------------------------------

--
-- Tablo için tablo yapısı `kurskatalog`
--

CREATE TABLE IF NOT EXISTS `kurskatalog` (
  `kursNo` smallint(3) unsigned zerofill NOT NULL AUTO_INCREMENT,
  `kursAdi` varchar(60) COLLATE utf8_turkish_ci NOT NULL,
  `kursAlani` varchar(40) COLLATE utf8_turkish_ci DEFAULT NULL,
  `kursSaati` smallint(4) DEFAULT NULL,
  `kursIcerik` varchar(300) COLLATE utf8_turkish_ci DEFAULT 'Bilinmiyor',
  PRIMARY KEY (`kursNo`)
) ENGINE=InnoDB  DEFAULT CHARSET=utf8 COLLATE=utf8_turkish_ci AUTO_INCREMENT=46 ;

--
-- Tablo döküm verisi `kurskatalog`
--

INSERT INTO `kurskatalog` (`kursNo`, `kursAdi`, `kursAlani`, `kursSaati`, `kursIcerik`) VALUES
(001, 'Dikiş', 'Dikiş alanı', 65, 'Dikiş kursuu12'),
(033, 'Web Programlama', 'Web Programlama Web Programlama', 44, 'Bilinmiyoraaa'),
(034, 'Nesne Yönelimli Programlama', NULL, NULL, 'NYPG'),
(035, 'Bilgisayar Donanım', NULL, NULL, 'Bilinmiyor'),
(036, 'Halı Dokuma ', NULL, NULL, 'Bilinmiyor'),
(045, 'Ebru', 'Ebru Sanatı', 1200, 'Ebru Sanatııı');

-- --------------------------------------------------------

--
-- Tablo için tablo yapısı `merkezler`
--

CREATE TABLE IF NOT EXISTS `merkezler` (
  `merkezNo` smallint(3) unsigned zerofill NOT NULL AUTO_INCREMENT,
  `merkezAdi` varchar(50) COLLATE utf8_turkish_ci NOT NULL,
  `adres` varchar(100) COLLATE utf8_turkish_ci DEFAULT NULL,
  PRIMARY KEY (`merkezNo`)
) ENGINE=InnoDB  DEFAULT CHARSET=utf8 COLLATE=utf8_turkish_ci AUTO_INCREMENT=7 ;

--
-- Tablo döküm verisi `merkezler`
--

INSERT INTO `merkezler` (`merkezNo`, `merkezAdi`, `adres`) VALUES
(001, 'Merkez A', NULL),
(002, 'Merkez B', NULL),
(003, 'Merkez C', 'Gaziler Mahallesi'),
(004, 'Merkez D', NULL),
(005, 'Merkez E', NULL),
(006, 'Merkez F', NULL);

-- --------------------------------------------------------

--
-- Tablo için tablo yapısı `ogrencikayit`
--

CREATE TABLE IF NOT EXISTS `ogrencikayit` (
  `ogrenciKayitID` int(7) unsigned NOT NULL AUTO_INCREMENT,
  `kursNo` mediumint(6) unsigned zerofill NOT NULL,
  `ogrenciNo` char(11) COLLATE utf8_turkish_ci NOT NULL,
  `not1` smallint(3) DEFAULT '222',
  `not2` smallint(3) DEFAULT '222',
  `ortalama` smallint(3) DEFAULT '222' COMMENT '111:Devamsız, 999:Girmedi',
  `sonuc` char(9) COLLATE utf8_turkish_ci DEFAULT NULL COMMENT 'Başarılı, Başarısız, Devamsız',
  `devam` smallint(2) DEFAULT NULL,
  `kayitTarihi` date DEFAULT '0000-00-00',
  `aciklama` varchar(50) COLLATE utf8_turkish_ci DEFAULT 'Bilinmiyor',
  PRIMARY KEY (`ogrenciKayitID`,`kursNo`,`ogrenciNo`),
  UNIQUE KEY `ogrenciKayitID` (`ogrenciKayitID`),
  UNIQUE KEY `kursNo` (`kursNo`,`ogrenciNo`),
  KEY `FK_ogrencikayitKurslar` (`kursNo`),
  KEY `FK_ogrencikayit` (`ogrenciNo`)
) ENGINE=InnoDB  DEFAULT CHARSET=utf8 COLLATE=utf8_turkish_ci AUTO_INCREMENT=366 ;

--
-- Tablo döküm verisi `ogrencikayit`
--

INSERT INTO `ogrencikayit` (`ogrenciKayitID`, `kursNo`, `ogrenciNo`, `not1`, `not2`, `ortalama`, `sonuc`, `devam`, `kayitTarihi`, `aciklama`) VALUES
(12, 000036, '00000000001', 999, 999, 5, 'Başarısız', 99, '2011-05-17', 'Bilinmiyor'),
(21, 000036, '30682832620', 999, 999, 44, NULL, 99, '2011-05-24', 'Bilinmiyor'),
(41, 000042, '00000000001', 999, 999, 22, 'Başarısız', 99, '2011-08-19', 'Bilinmiyor'),
(57, 000042, '30682832620', 999, 999, 88, 'Başarılı', 99, '2011-08-21', 'Bilinmiyor'),
(67, 000001, '00000000001', 999, 999, 999, 'Girmedi', 99, '2011-08-21', 'Bilinmiyor'),
(94, 000039, '10000000012', 999, 999, 50, 'Başarısız', 99, '2011-08-21', 'Bilinmiyor'),
(99, 000001, '10000000010', 999, 999, 999, NULL, 99, '2011-08-21', 'Bilinmiyor'),
(100, 000001, '10000000005', 999, 999, 999, NULL, 99, '2011-08-21', 'Bilinmiyor'),
(163, 000046, '00000000061', 999, 999, 999, NULL, NULL, '2011-09-12', 'Bilinmiyor'),
(165, 000048, '00000000008', 999, 999, 999, NULL, NULL, '2011-09-12', 'Bilinmiyor'),
(166, 000048, '00000000041', 999, 999, 999, NULL, NULL, '2011-09-12', 'Bilinmiyor'),
(168, 000042, '00000000061', 999, 999, 111, 'Devamsız', NULL, '2011-09-12', 'Bilinmiyor'),
(245, 000048, '10000000010', 999, 999, 999, NULL, NULL, '2011-09-16', 'Bilinmiyor'),
(246, 000048, '10000000009', 999, 999, 999, NULL, NULL, '2011-09-16', 'Bilinmiyor'),
(272, 000038, '10000000008', 999, 999, 111, 'Devamsız', NULL, '2011-09-16', 'Bilinmiyor'),
(274, 000038, '10000000007', 999, 999, 50, 'Başarısız', NULL, '2011-09-16', 'Bilinmiyor'),
(275, 000038, '10000000010', 999, 999, 70, 'Başarılı', NULL, '2011-09-16', 'Bilinmiyor'),
(277, 000038, '10000000005', 999, 999, 80, 'Başarılı', NULL, '2011-09-16', 'Bilinmiyor'),
(278, 000038, '10000000002', 999, 999, 90, 'Başarılı', NULL, '2011-09-16', 'Bilinmiyor'),
(279, 000038, '00000000001', 999, 999, 80, 'Başarılı', NULL, '2011-09-16', 'Bilinmiyor'),
(280, 000038, '00000000008', 999, 999, 10, 'Başarısız', NULL, '2011-09-16', 'Bilinmiyor'),
(285, 000038, '10000000001', 999, 999, 90, 'Başarılı', NULL, '2011-09-16', 'Bilinmiyor'),
(289, 000038, '00000000021', 999, 999, 20, 'Başarısız', NULL, '2011-09-16', 'Bilinmiyor'),
(290, 000038, '00000000062', 999, 999, 30, 'Başarısız', NULL, '2011-09-16', 'Bilinmiyor'),
(291, 000038, '00000000003', 999, 999, 40, 'Başarısız', NULL, '2011-09-16', 'Bilinmiyor'),
(293, 000038, '10000000012', 999, 999, 111, 'Devamsız', NULL, '2011-09-16', 'Bilinmiyor'),
(294, 000038, '00000000004', 999, 999, 999, 'Girmedi', NULL, '2011-09-16', 'Bilinmiyor'),
(297, 000038, '30682832620', 999, 999, 999, 'Girmedi', NULL, '2011-09-16', 'Bilinmiyor'),
(299, 000038, '00000000009', 999, 999, 999, 'Girmedi', NULL, '2011-09-16', 'Bilinmiyor'),
(300, 000038, '00000000041', 999, 999, 999, 'Girmedi', NULL, '2011-09-16', 'Bilinmiyor'),
(306, 000038, '10000000006', 999, 999, 999, 'Girmedi', NULL, '2011-09-16', 'Bilinmiyor'),
(307, 000050, '00000000061', 999, 999, 20, 'Başarısız', NULL, '2011-09-16', 'Bilinmiyor'),
(308, 000050, '10000000011', 999, 999, 30, 'Başarısız', NULL, '2011-09-16', 'Bilinmiyor'),
(309, 000050, '10000000008', 999, 999, 40, 'Başarısız', NULL, '2011-09-16', 'Bilinmiyor'),
(310, 000050, '10000000010', 999, 999, 72, 'Başarılı', NULL, '2011-09-16', 'Bilinmiyor'),
(311, 000050, '10000000004', 999, 999, 999, 'Girmedi', NULL, '2011-09-16', 'Bilinmiyor'),
(312, 000050, '10000000006', 999, 999, 83, 'Başarılı', NULL, '2011-09-16', 'Bilinmiyor'),
(313, 000050, '10000000007', 999, 999, 40, 'Başarısız', NULL, '2011-09-16', 'Bilinmiyor'),
(315, 000050, '10000000003', 999, 999, 55, 'Başarısız', NULL, '2011-09-16', 'Bilinmiyor'),
(318, 000050, '10000000001', 999, 999, 99, 'Başarılı', NULL, '2011-09-16', 'Bilinmiyor'),
(319, 000050, '10000000002', 999, 999, 99, 'Başarılı', NULL, '2011-09-16', 'Bilinmiyor'),
(320, 000050, '00000000001', 999, 999, 88, 'Başarılı', NULL, '2011-09-16', 'Bilinmiyor'),
(321, 000050, '00000000008', 999, 999, 88, 'Başarılı', NULL, '2011-09-16', 'Bilinmiyor'),
(322, 000050, '00000000041', 999, 999, 999, 'Girmedi', NULL, '2011-09-16', 'Bilinmiyor'),
(323, 000050, '00000000009', 999, 999, 999, 'Girmedi', NULL, '2011-09-16', 'Bilinmiyor'),
(324, 000050, '00000000021', 999, 999, 88, 'Başarılı', NULL, '2011-09-16', 'Bilinmiyor'),
(325, 000050, '00000000062', 999, 999, 99, 'Başarılı', NULL, '2011-09-16', 'Bilinmiyor'),
(326, 000050, '30682832620', 999, 999, 999, 'Girmedi', NULL, '2011-09-16', 'Bilinmiyor'),
(327, 000050, '00000000003', 999, 999, 15, 'Başarısız', NULL, '2011-09-16', 'Bilinmiyor'),
(328, 000050, '10000000012', 999, 999, 12, 'Başarısız', NULL, '2011-09-16', 'Bilinmiyor'),
(329, 000050, '00000000004', 999, 999, 111, 'Devamsız', NULL, '2011-09-16', 'Bilinmiyor'),
(330, 000044, '10000000009', 999, 999, 999, NULL, NULL, '2011-09-16', 'Bilinmiyor'),
(331, 000045, '10000000001', 999, 999, 999, NULL, NULL, '2011-09-19', 'Bilinmiyor'),
(332, 000045, '10000000002', 999, 999, 999, NULL, NULL, '2011-09-19', 'Bilinmiyor'),
(333, 000045, '00000000001', 999, 999, 999, NULL, NULL, '2011-09-19', 'Bilinmiyor'),
(334, 000048, '10000000003', 999, 999, 999, NULL, NULL, '2011-09-27', 'Bilinmiyor'),
(335, 000048, '10000000005', 999, 999, 999, NULL, NULL, '2011-09-27', 'Bilinmiyor'),
(336, 000048, '10000000001', 999, 999, 999, NULL, NULL, '2011-09-27', 'Bilinmiyor'),
(337, 000039, '10000000008', 999, 999, 999, NULL, NULL, '2011-09-27', 'Bilinmiyor'),
(338, 000039, '10000000010', 999, 999, 999, NULL, NULL, '2011-09-27', 'Bilinmiyor'),
(339, 000039, '10000000005', 999, 999, 999, NULL, NULL, '2011-09-27', 'Bilinmiyor'),
(340, 000039, '10000000001', 999, 999, 999, NULL, NULL, '2011-09-27', 'Bilinmiyor'),
(341, 000039, '10000000002', 999, 999, 999, NULL, NULL, '2011-09-27', 'Bilinmiyor'),
(342, 000039, '00000000021', 999, 999, 999, NULL, NULL, '2011-09-27', 'Bilinmiyor'),
(343, 000039, '00000000062', 999, 999, 999, NULL, NULL, '2011-09-27', 'Bilinmiyor'),
(347, 000052, '10000000005', 222, 222, 88, 'Başarılı', NULL, '2011-10-07', 'Bilinmiyor'),
(348, 000052, '00000000001', 222, 222, 99, 'Başarılı', NULL, '2011-10-07', 'Bilinmiyor'),
(353, 000052, '00000000008', 222, 222, 222, NULL, NULL, '2012-12-13', 'Bilinmiyor'),
(354, 000052, '00000000041', 222, 222, 222, NULL, NULL, '2012-12-13', 'Bilinmiyor'),
(355, 000052, '00000000061', 222, 222, 222, NULL, NULL, '2012-12-13', 'Bilinmiyor'),
(356, 000052, '10000000006', 222, 222, 222, NULL, NULL, '2012-12-13', 'Bilinmiyor'),
(362, 000052, '00000000062', 222, 222, 222, NULL, NULL, '2012-12-13', 'Bilinmiyor'),
(363, 000052, '10000000002', 222, 222, 222, NULL, NULL, '2012-12-13', 'Bilinmiyor'),
(365, 000052, '10000000011', 222, 222, 222, NULL, NULL, '2012-12-15', 'Bilinmiyor');

-- --------------------------------------------------------

--
-- Tablo için tablo yapısı `ogrenciler`
--

CREATE TABLE IF NOT EXISTS `ogrenciler` (
  `ogrenciNo` char(11) COLLATE utf8_turkish_ci NOT NULL COMMENT 'TC Kimlik No',
  `adi` varchar(40) COLLATE utf8_turkish_ci NOT NULL,
  `soyadi` varchar(40) COLLATE utf8_turkish_ci NOT NULL,
  `sifre` char(32) COLLATE utf8_turkish_ci NOT NULL COMMENT 'md5 formatında saklanıyor...',
  `telefonNo` char(10) COLLATE utf8_turkish_ci NOT NULL,
  `eposta` varchar(50) COLLATE utf8_turkish_ci DEFAULT 'Girilmemiş',
  `babaAdi` varchar(40) COLLATE utf8_turkish_ci DEFAULT 'Girilmemiş',
  `adres` varchar(100) COLLATE utf8_turkish_ci DEFAULT 'Girilmemiş',
  `dogumTarihi` date DEFAULT NULL,
  `il` char(2) COLLATE utf8_turkish_ci DEFAULT '00',
  `ilce` smallint(3) unsigned zerofill DEFAULT '940',
  `kayitTarihi` date DEFAULT NULL,
  `ogrenimDurumu` tinyint(4) DEFAULT NULL,
  `aciklama` varchar(200) COLLATE utf8_turkish_ci DEFAULT 'Yok',
  `cinsiyet` char(1) COLLATE utf8_turkish_ci DEFAULT 'G' COMMENT 'E,K, G(Girilmemiş)',
  `zamanDilimi` tinyint(4) DEFAULT '0',
  `aktif` char(1) COLLATE utf8_turkish_ci DEFAULT '1',
  PRIMARY KEY (`ogrenciNo`),
  KEY `adi` (`adi`),
  KEY `soyadi` (`soyadi`),
  KEY `il` (`il`),
  KEY `danisman` (`kayitTarihi`),
  KEY `FK_ogrenciler` (`ilce`),
  KEY `FK_ogrenciler_ogrenimdurumu` (`ogrenimDurumu`),
  KEY `FK_ogrenciler_zamandilimi` (`zamanDilimi`)
) ENGINE=InnoDB DEFAULT CHARSET=utf8 COLLATE=utf8_turkish_ci;

--
-- Tablo döküm verisi `ogrenciler`
--

INSERT INTO `ogrenciler` (`ogrenciNo`, `adi`, `soyadi`, `sifre`, `telefonNo`, `eposta`, `babaAdi`, `adres`, `dogumTarihi`, `il`, `ilce`, `kayitTarihi`, `ogrenimDurumu`, `aciklama`, `cinsiyet`, `zamanDilimi`, `aktif`) VALUES
('00000000001', 'Ayşe', 'Demirr', 'a7f4e18520f1a28fb9b1edb53f9fd6b6', '', 'ad@a.com', 'Hasan', 'Bilinmiyor', '0000-00-00', '34', 409, '0000-00-00', NULL, 'Yok', 'K', 0, '0'),
('00000000003', 'Hasan', 'Çelik', 'hasancelik', '', 'hc@a.com', 'Hasan', 'Bilinmiyor', NULL, '01', 001, '0000-00-00', NULL, 'aciklama', 'E', 0, '1'),
('00000000004', 'Tamer', 'Yorulmaz', 'e1e6205a7c630320a8f854df101905fb', '', 'ty@a.comm', 'Yılmaz', 'Bilinmiyor', '1975-05-01', '01', 008, '2011-05-26', NULL, 'Yok', 'E', 0, '0'),
('00000000008', 'Ayşe', 'Eren', 'e78c265a4f809993ccb24c6ea5c308dc', '', 'aer@a.com', 'Mustafa', 'Konya', '1994-06-07', '42', 560, '2011-06-06', NULL, '', 'K', 0, '1'),
('00000000009', 'Ayşe', 'Yılmaz', '9693bb4495eae586d84e2001f1d665ac', '', 'ay@a.com', 'Ahmet', 'Kocaeli', '1999-05-01', '41', 533, '2011-05-26', NULL, 'Bilinmiyor', 'K', 0, '1'),
('00000000021', 'Ayten', 'Gül', '035e15c85c630a56ebfd9d44f7796da1', '1234567892', 'Girilmemiş', 'Girilmemiş', 'Gebze', '1993-09-01', '00', 940, '2011-09-12', 5, 'Bilinmiyor', 'K', 4, '0'),
('00000000041', 'Ayşe', 'Meteee', '94b592cfd868a1e6c8d70d836b7aade0', '', 'Girilmemiş', 'Girilmemiş', 'Bilinmiyor', '1994-06-01', '03', 026, '2011-06-06', NULL, 'Bilinmiyor', 'K', 0, '1'),
('00000000061', 'Ahmet', 'Meteee', '9c285d744cc297a717c14a7f918deeb8', '3456565656', 'Girilmemiş', 'Girilmemiş', 'Bilinmiyor', '0000-00-00', '00', 940, '0000-00-00', 0, 'Bilinmiyor', 'E', 0, '1'),
('00000000062', 'Buse', 'Yılmaz', 'ae28fe45152c26c9ff2608fb7dfca64d', '3456789123', 'Girilmemiş', 'Girilmemiş', 'Merkez', '1996-09-02', '00', 940, '2011-09-12', 5, 'Bilinmiyor', 'K', 8, '1'),
('10000000001', 'Ayla', 'Mert', '42bf6175cfa9cd1486653179569cb10c', '5053032323', 'Girilmemiş', 'Girilmemiş', 'Bilinmiyor', '0000-00-00', '00', 940, '0000-00-00', 0, 'Bilinmiyor', 'K', 0, '1'),
('10000000002', 'Aylin', 'Mert', '2ebd77ffd5463daa1f55620defa89c3c', '5053032323', 'Girilmemiş', 'Girilmemiş', 'Bilinmiyor', '0000-00-00', '00', 940, '0000-00-00', 0, 'Bilinmiyor', 'K', 0, '1'),
('10000000003', 'Aydın', 'Mert', 'b6695848a22e162c5abb493d9f4583c8', '5053032323', 'Girilmemiş', 'Girilmemiş', 'Bilinmiyor', '0000-00-00', '00', 940, '0000-00-00', 0, 'Bilinmiyor', 'E', 0, '1'),
('10000000004', 'Ayhan', 'Mert', '8edc5485602b71d1a939b5239f719f74', '5053032323', 'Girilmemiş', 'Girilmemiş', 'Bilinmiyor', '0000-00-00', '00', 940, '0000-00-00', 0, 'Bilinmiyor', 'E', 0, '1'),
('10000000005', 'Ayhan', 'Metin', '7c064883cf91819986026da9c4d420f0', '5053032323', 'Girilmemiş', 'Girilmemiş', 'Bilinmiyor', '0000-00-00', '00', 940, '0000-00-00', 0, 'Bilinmiyor', 'E', 0, '1'),
('10000000006', 'Ayhan', 'Mete', '704a61e1660f5a4b65457f7b9d887e68', '5053032323', 'Girilmemiş', 'Girilmemiş', 'Bilinmiyor', '0000-00-00', '00', 940, '0000-00-00', 0, 'Bilinmiyor', 'E', 0, '1'),
('10000000007', 'Aydın', 'Mete', 'e12b2500edf1c14735863d074146da13', '5053032323', 'Girilmemiş', 'Girilmemiş', 'Bilinmiyor', '0000-00-00', '00', 940, '0000-00-00', 0, 'Bilinmiyor', 'E', 0, '1'),
('10000000008', 'Aydın', 'Aymaz', '4089c90d768512aaa9d75f03cd572ed7', '5053032323', 'Girilmemiş', 'Girilmemiş', 'Bilinmiyor', '0000-00-00', '00', 940, '0000-00-00', 0, 'Bilinmiyor', 'E', 0, '1'),
('10000000009', 'Aydınay', 'Aymaz', 'f0fbd4d9cf7c760db1fc8c45c32bcbe0', '5053032323', 'Girilmemiş', 'Girilmemiş', 'Bilinmiyor', '0000-00-00', '00', 940, '0000-00-00', 0, 'Bilinmiyor', 'E', 0, '1'),
('10000000010', 'Aydınay', 'Aygün', 'dcb4f4cddd2dc06724d4bd40ce4134a5', '5053032323', 'Girilmemiş', 'Girilmemiş', 'Bilinmiyor', '0000-00-00', '00', 940, '0000-00-00', 0, 'Bilinmiyor', 'E', 0, '1'),
('10000000011', 'Aydın', 'Aygün', '6e988acfce94d3fb55cea02100258424', '5053032323', 'Girilmemiş', 'Girilmemiş', 'Bilinmiyor', '0000-00-00', '00', 940, '0000-00-00', 0, 'Bilinmiyor', 'E', 0, '1'),
('10000000012', 'Selim', 'Aygün', '9e11a26d3e4912e6740cfcffe7bddf9c', '5053032323', 'Girilmemiş', 'Girilmemiş', 'Bilinmiyor', '0000-00-00', '00', 940, '0000-00-00', 0, 'Bilinmiyor', 'E', 0, '1'),
('30682832620', 'Zeynep', 'Beyza', '3018e19a0704c62935d6df6df8e1c73c', '1234567891', 'cc@a.com', 'Yılmaz', 'Bilinmiyor', '1976-09-27', '33', 408, '2011-05-24', 0, 'Bilinmiyor', 'E', 0, '0');

-- --------------------------------------------------------

--
-- Tablo için tablo yapısı `ogrenimdurumu`
--

CREATE TABLE IF NOT EXISTS `ogrenimdurumu` (
  `ogrenimNo` tinyint(4) NOT NULL,
  `ogrenimDurumu` varchar(15) COLLATE utf8_turkish_ci DEFAULT 'Girilmemiş',
  PRIMARY KEY (`ogrenimNo`)
) ENGINE=InnoDB DEFAULT CHARSET=utf8 COLLATE=utf8_turkish_ci;

--
-- Tablo döküm verisi `ogrenimdurumu`
--

INSERT INTO `ogrenimdurumu` (`ogrenimNo`, `ogrenimDurumu`) VALUES
(0, 'Girilmemiş'),
(1, 'Okur Yazar'),
(2, 'İlkokul'),
(3, 'İlköğretim'),
(4, 'Lise'),
(5, 'Önlisans'),
(6, 'Lisans'),
(7, 'Yüksek Lisans'),
(8, 'Doktora');

-- --------------------------------------------------------

--
-- Tablo için tablo yapısı `oturumbilgileri`
--

CREATE TABLE IF NOT EXISTS `oturumbilgileri` (
  `session_id` varchar(40) COLLATE utf8_turkish_ci NOT NULL DEFAULT '0',
  `ip_address` varchar(16) COLLATE utf8_turkish_ci NOT NULL DEFAULT '0',
  `user_agent` varchar(50) COLLATE utf8_turkish_ci NOT NULL,
  `last_activity` int(10) unsigned NOT NULL DEFAULT '0',
  `user_data` text COLLATE utf8_turkish_ci NOT NULL,
  PRIMARY KEY (`session_id`)
) ENGINE=InnoDB DEFAULT CHARSET=utf8 COLLATE=utf8_turkish_ci;

--
-- Tablo döküm verisi `oturumbilgileri`
--

INSERT INTO `oturumbilgileri` (`session_id`, `ip_address`, `user_agent`, `last_activity`, `user_data`) VALUES
('906481b005be4bb9da842d4f212355f8', '127.0.0.1', 'Mozilla/5.0 (Windows NT 6.1; rv:17.0) Gecko/201001', 1355558135, '');

-- --------------------------------------------------------

--
-- Tablo için tablo yapısı `personel`
--

CREATE TABLE IF NOT EXISTS `personel` (
  `personelNo` char(11) COLLATE utf8_turkish_ci NOT NULL COMMENT 'TC Kimlik No',
  `sicilNo` varchar(5) COLLATE utf8_turkish_ci NOT NULL DEFAULT '0',
  `adi` varchar(40) COLLATE utf8_turkish_ci NOT NULL,
  `soyadi` varchar(40) COLLATE utf8_turkish_ci NOT NULL,
  `sifre` char(32) COLLATE utf8_turkish_ci NOT NULL,
  `eposta` varchar(50) COLLATE utf8_turkish_ci DEFAULT 'Girilmemiş',
  `cinsiyet` char(1) COLLATE utf8_turkish_ci DEFAULT 'G',
  `babaAdi` varchar(40) COLLATE utf8_turkish_ci DEFAULT 'Girilmemiş',
  `grup` char(1) COLLATE utf8_turkish_ci NOT NULL DEFAULT '1' COMMENT '1:idari 2: Egitmen 3:Yonetici',
  `adres` varchar(100) COLLATE utf8_turkish_ci DEFAULT 'Girilmemiş',
  `il` char(2) COLLATE utf8_turkish_ci DEFAULT '00',
  `ilce` smallint(3) unsigned zerofill DEFAULT '940',
  `dogumTarihi` date DEFAULT NULL,
  `kayitTarihi` date DEFAULT NULL,
  `aciklama` varchar(400) COLLATE utf8_turkish_ci DEFAULT 'Girilmemiş',
  PRIMARY KEY (`personelNo`),
  KEY `FK_Personel` (`il`),
  KEY `FK_Personel_ilce` (`ilce`),
  KEY `NewIndex2` (`adi`),
  KEY `NewIndex1` (`soyadi`)
) ENGINE=InnoDB DEFAULT CHARSET=utf8 COLLATE=utf8_turkish_ci;

--
-- Tablo döküm verisi `personel`
--

INSERT INTO `personel` (`personelNo`, `sicilNo`, `adi`, `soyadi`, `sifre`, `eposta`, `cinsiyet`, `babaAdi`, `grup`, `adres`, `il`, `ilce`, `dogumTarihi`, `kayitTarihi`, `aciklama`) VALUES
('00000000001', '44556', 'Mertt', 'Korkmazt', 'a771da5dcc6218160905311d9d38503e', 'mk@gmail.com', 'E', 'ali', '2', 'karabük', '41', 537, '1999-05-01', '2011-05-27', 'aciklamaaaa'),
('00000000002', '2222', 'Burak', 'İnner', 'binner', 'Girilmemiş', 'E', 'Ahmet', '1', 'Bilinmiyor', '22', 276, '0000-00-00', '0000-00-00', 'Bilinmiyor'),
('00000000021', '0', 'Mehmet', 'Yılmaz', '035e15c85c630a56ebfd9d44f7796da1', 'Girilmemiş', 'E', 'Girilmemiş', '1', 'Bilinmiyor', '06', 064, '1994-06-01', '2011-06-06', 'Bilinmiyor'),
('11111111111', '0', 'Burak Alparslan', 'Yorulmaz', 'adbc91a43e988a3b5b745b8529a90b61', 'ba@com', 'E', 'Yılmaz', '2', 'kocaeli', '35', 446, '1984-05-01', '2011-05-27', 'yok.......'),
('11111111122', '0', 'Ayşe', 'as', '4124bc0a9335c27f086f24ba207a4912', 'ae@a.com', 'K', 'Mehmet', '1', 'Bilinmiyor', '07', 084, '2011-05-27', '2011-05-27', 'Bilinmiyor'),
('11111111444', '0', 'Melek', 'Şahin', '0d06367f6df598cd0d50f10425d13c22', 'Girilmemiş', 'K', 'Girilmemiş', '2', 'Bilinmiyor', '00', 940, '0000-00-00', '0000-00-00', 'Bilinmiyor');

-- --------------------------------------------------------

--
-- Tablo için tablo yapısı `uygunzamandilimi`
--

CREATE TABLE IF NOT EXISTS `uygunzamandilimi` (
  `zamanDilimiNo` tinyint(4) NOT NULL,
  `zamanDilimi` varchar(25) COLLATE utf8_turkish_ci NOT NULL,
  PRIMARY KEY (`zamanDilimiNo`)
) ENGINE=InnoDB DEFAULT CHARSET=utf8 COLLATE=utf8_turkish_ci;

--
-- Tablo döküm verisi `uygunzamandilimi`
--

INSERT INTO `uygunzamandilimi` (`zamanDilimiNo`, `zamanDilimi`) VALUES
(0, 'Girilmemiş'),
(1, 'Hafta içi sabah'),
(2, 'Hafta içi öğlen'),
(3, 'Hafta içi akşam'),
(4, 'Hafta içi tam gün'),
(5, 'Hafta sonu sabah'),
(6, 'Hafta sonu öğlen'),
(7, 'Hafta sonu akşam'),
(8, 'Hafta sonu tam gün'),
(9, 'Farketmez');

--
-- Dökümü yapılmış tablolar için kısıtlamalar
--

--
-- Tablo kısıtlamaları `acilankurslar`
--
ALTER TABLE `acilankurslar`
  ADD CONSTRAINT `FK_acilankurslar` FOREIGN KEY (`kursNo`) REFERENCES `kurskatalog` (`kursNo`),
  ADD CONSTRAINT `FK_acilankurslarmerkezler` FOREIGN KEY (`merkezNo`) REFERENCES `merkezler` (`merkezNo`),
  ADD CONSTRAINT `FK_acilankurslar_personel` FOREIGN KEY (`personelNo`) REFERENCES `personel` (`personelNo`);

--
-- Tablo kısıtlamaları `dersprogrami`
--
ALTER TABLE `dersprogrami`
  ADD CONSTRAINT `FK_dersprogrami` FOREIGN KEY (`acilanKursNo`) REFERENCES `acilankurslar` (`acilanKurslarID`);

--
-- Tablo kısıtlamaları `duyurular`
--
ALTER TABLE `duyurular`
  ADD CONSTRAINT `FK_duyurular` FOREIGN KEY (`personelNo`) REFERENCES `personel` (`personelNo`);

--
-- Tablo kısıtlamaları `ilceler`
--
ALTER TABLE `ilceler`
  ADD CONSTRAINT `FK_ilceler` FOREIGN KEY (`il`) REFERENCES `iller` (`ilKodu`);

--
-- Tablo kısıtlamaları `ogrencikayit`
--
ALTER TABLE `ogrencikayit`
  ADD CONSTRAINT `FK_ogrencikayit` FOREIGN KEY (`ogrenciNo`) REFERENCES `ogrenciler` (`ogrenciNo`),
  ADD CONSTRAINT `FK_ogrencikayitKurslar` FOREIGN KEY (`kursNo`) REFERENCES `acilankurslar` (`acilanKurslarID`);

--
-- Tablo kısıtlamaları `ogrenciler`
--
ALTER TABLE `ogrenciler`
  ADD CONSTRAINT `FK_ogrenciler` FOREIGN KEY (`ilce`) REFERENCES `ilceler` (`ilceKodu`),
  ADD CONSTRAINT `FK_ogrenciler_ogrenimdurumu` FOREIGN KEY (`ogrenimDurumu`) REFERENCES `ogrenimdurumu` (`ogrenimNo`),
  ADD CONSTRAINT `FK_ogrenciler_zamandilimi` FOREIGN KEY (`zamanDilimi`) REFERENCES `uygunzamandilimi` (`zamanDilimiNo`),
  ADD CONSTRAINT `il` FOREIGN KEY (`il`) REFERENCES `iller` (`ilKodu`);

--
-- Tablo kısıtlamaları `personel`
--
ALTER TABLE `personel`
  ADD CONSTRAINT `FK_Personel` FOREIGN KEY (`il`) REFERENCES `iller` (`ilKodu`),
  ADD CONSTRAINT `FK_Personel_ilce` FOREIGN KEY (`ilce`) REFERENCES `ilceler` (`ilceKodu`);
